Sl.No,Date,vehicle_category,maker,electric_vehicles_sold
1,01-Apr-21,2-Wheelers,OLA ELECTRIC,0
2,01-Apr-22,2-Wheelers,OKAYA EV,0
3,01-May-21,2-Wheelers,OLA ELECTRIC,0
4,01-Jun-21,2-Wheelers,OLA ELECTRIC,0
5,01-Jul-21,2-Wheelers,OLA ELECTRIC,0
6,01-Aug-21,2-Wheelers,OLA ELECTRIC,0
7,01-Sep-21,2-Wheelers,OLA ELECTRIC,0
8,01-Oct-21,2-Wheelers,OLA ELECTRIC,0
9,01-Nov-21,2-Wheelers,OLA ELECTRIC,0
10,01-Apr-21,4-Wheelers,BYD India,0
11,01-Apr-21,4-Wheelers,PCA Automobiles,0
12,01-Apr-21,4-Wheelers,BMW India,0
13,01-Apr-21,4-Wheelers,Volvo Auto India,0
14,01-Apr-21,4-Wheelers,KIA Motors,0
15,01-Apr-22,4-Wheelers,PCA Automobiles,0
16,01-Apr-22,4-Wheelers,Volvo Auto India,0
17,01-Apr-22,4-Wheelers,KIA Motors,0
18,01-May-21,4-Wheelers,BYD India,0
19,01-May-21,4-Wheelers,PCA Automobiles,0
20,01-May-21,4-Wheelers,BMW India,0
21,01-May-21,4-Wheelers,Mercedes -Benz AG,0
22,01-May-21,4-Wheelers,Volvo Auto India,0
23,01-May-21,4-Wheelers,KIA Motors,0
24,01-May-22,4-Wheelers,PCA Automobiles,0
25,01-May-22,4-Wheelers,Volvo Auto India,0
26,01-May-22,4-Wheelers,KIA Motors,0
27,01-Jun-21,4-Wheelers,BYD India,0
28,01-Jun-21,4-Wheelers,PCA Automobiles,0
29,01-Jun-21,4-Wheelers,BMW India,0
30,01-Jun-21,4-Wheelers,Volvo Auto India,0
31,01-Jun-21,4-Wheelers,KIA Motors,0
32,01-Jun-22,4-Wheelers,PCA Automobiles,0
33,01-Jun-22,4-Wheelers,Volvo Auto India,0
34,01-Jun-22,4-Wheelers,KIA Motors,0
35,01-Jul-21,4-Wheelers,BYD India,0
36,01-Jul-21,4-Wheelers,PCA Automobiles,0
37,01-Jul-21,4-Wheelers,BMW India,0
38,01-Jul-21,4-Wheelers,Volvo Auto India,0
39,01-Jul-21,4-Wheelers,KIA Motors,0
40,01-Jul-22,4-Wheelers,PCA Automobiles,0
41,01-Jul-22,4-Wheelers,Volvo Auto India,0
42,01-Jul-22,4-Wheelers,KIA Motors,0
43,01-Aug-21,4-Wheelers,BYD India,0
44,01-Aug-21,4-Wheelers,PCA Automobiles,0
45,01-Aug-21,4-Wheelers,BMW India,0
46,01-Aug-21,4-Wheelers,Volvo Auto India,0
47,01-Aug-21,4-Wheelers,KIA Motors,0
48,01-Aug-22,4-Wheelers,PCA Automobiles,0
49,01-Aug-22,4-Wheelers,Volvo Auto India,0
50,01-Aug-22,4-Wheelers,KIA Motors,0
51,01-Sep-21,4-Wheelers,BYD India,0
52,01-Sep-21,4-Wheelers,PCA Automobiles,0
53,01-Sep-21,4-Wheelers,BMW India,0
54,01-Sep-21,4-Wheelers,Volvo Auto India,0
55,01-Sep-21,4-Wheelers,KIA Motors,0
56,01-Sep-22,4-Wheelers,PCA Automobiles,0
57,01-Sep-22,4-Wheelers,Volvo Auto India,0
58,01-Sep-22,4-Wheelers,KIA Motors,0
59,01-Oct-21,4-Wheelers,BYD India,0
60,01-Oct-21,4-Wheelers,PCA Automobiles,0
61,01-Oct-21,4-Wheelers,BMW India,0
62,01-Oct-21,4-Wheelers,Volvo Auto India,0
63,01-Oct-21,4-Wheelers,KIA Motors,0
64,01-Oct-22,4-Wheelers,PCA Automobiles,0
65,01-Oct-22,4-Wheelers,Volvo Auto India,0
66,01-Nov-21,4-Wheelers,BYD India,0
67,01-Nov-21,4-Wheelers,PCA Automobiles,0
68,01-Nov-21,4-Wheelers,BMW India,0
69,01-Nov-21,4-Wheelers,Volvo Auto India,0
70,01-Nov-21,4-Wheelers,KIA Motors,0
71,01-Nov-22,4-Wheelers,PCA Automobiles,0
72,01-Dec-21,4-Wheelers,PCA Automobiles,0
73,01-Dec-21,4-Wheelers,BMW India,0
74,01-Dec-21,4-Wheelers,Volvo Auto India,0
75,01-Dec-21,4-Wheelers,KIA Motors,0
76,01-Dec-22,4-Wheelers,PCA Automobiles,0
77,01-Jan-22,4-Wheelers,PCA Automobiles,0
78,01-Jan-22,4-Wheelers,BMW India,0
79,01-Jan-22,4-Wheelers,Volvo Auto India,0
80,01-Jan-22,4-Wheelers,KIA Motors,0
81,01-Jan-23,4-Wheelers,PCA Automobiles,0
82,01-Feb-22,4-Wheelers,PCA Automobiles,0
83,01-Feb-22,4-Wheelers,BMW India,0
84,01-Feb-22,4-Wheelers,Volvo Auto India,0
85,01-Feb-22,4-Wheelers,KIA Motors,0
86,01-Feb-23,4-Wheelers,PCA Automobiles,0
87,01-Mar-22,4-Wheelers,PCA Automobiles,0
88,01-Mar-22,4-Wheelers,KIA Motors,0
89,01-Apr-21,4-Wheelers,Tata Motors,322
90,01-Apr-21,4-Wheelers,MG Motor,118
91,01-Apr-21,4-Wheelers,Mahindra & Mahindra,171
92,01-Apr-21,4-Wheelers,Hyundai Motor,12
93,01-Apr-21,4-Wheelers,Mercedes -Benz AG,3
94,01-Apr-22,4-Wheelers,Tata Motors,1409
95,01-Apr-22,4-Wheelers,MG Motor,177
96,01-Apr-22,4-Wheelers,Mahindra & Mahindra,611
97,01-Apr-22,4-Wheelers,BYD India,15
98,01-Apr-22,4-Wheelers,Hyundai Motor,17
99,01-Apr-22,4-Wheelers,BMW India,12
100,01-Apr-22,4-Wheelers,Mercedes -Benz AG,8
101,01-Apr-23,4-Wheelers,Tata Motors,364
102,01-Apr-23,4-Wheelers,MG Motor,265
103,01-Apr-23,4-Wheelers,Mahindra & Mahindra,4880
104,01-Apr-23,4-Wheelers,BYD India,156
105,01-Apr-23,4-Wheelers,Hyundai Motor,42
106,01-Apr-23,4-Wheelers,PCA Automobiles,181
107,01-Apr-23,4-Wheelers,BMW India,51
108,01-Apr-23,4-Wheelers,Mercedes -Benz AG,8
109,01-Apr-23,4-Wheelers,Volvo Auto India,27
110,01-Apr-23,4-Wheelers,KIA Motors,30
111,01-May-21,4-Wheelers,Tata Motors,137
112,01-May-21,4-Wheelers,MG Motor,39
113,01-May-21,4-Wheelers,Mahindra & Mahindra,78
114,01-May-21,4-Wheelers,Hyundai Motor,3
115,01-May-22,4-Wheelers,Tata Motors,2097
116,01-May-22,4-Wheelers,MG Motor,181
117,01-May-22,4-Wheelers,Mahindra & Mahindra,622
118,01-May-22,4-Wheelers,BYD India,30
119,01-May-22,4-Wheelers,Hyundai Motor,19
120,01-May-22,4-Wheelers,BMW India,6
121,01-May-22,4-Wheelers,Mercedes -Benz AG,4
122,01-May-23,4-Wheelers,Tata Motors,3212
123,01-May-23,4-Wheelers,MG Motor,351
124,01-May-23,4-Wheelers,Mahindra & Mahindra,3457
125,01-May-23,4-Wheelers,BYD India,110
126,01-May-23,4-Wheelers,Hyundai Motor,129
127,01-May-23,4-Wheelers,PCA Automobiles,245
128,01-May-23,4-Wheelers,BMW India,57
129,01-May-23,4-Wheelers,Mercedes -Benz AG,9
130,01-May-23,4-Wheelers,Volvo Auto India,34
131,01-May-23,4-Wheelers,KIA Motors,36
132,01-Jun-21,4-Wheelers,Tata Motors,572
133,01-Jun-21,4-Wheelers,MG Motor,128
134,01-Jun-21,4-Wheelers,Mahindra & Mahindra,106
135,01-Jun-21,4-Wheelers,Hyundai Motor,10
136,01-Jun-21,4-Wheelers,Mercedes -Benz AG,2
137,01-Jun-22,4-Wheelers,Tata Motors,2169
138,01-Jun-22,4-Wheelers,MG Motor,173
139,01-Jun-22,4-Wheelers,Mahindra & Mahindra,787
140,01-Jun-22,4-Wheelers,BYD India,36
141,01-Jun-22,4-Wheelers,Hyundai Motor,39
142,01-Jun-22,4-Wheelers,BMW India,4
143,01-Jun-22,4-Wheelers,Mercedes -Benz AG,2
144,01-Jun-23,4-Wheelers,Tata Motors,3671
145,01-Jun-23,4-Wheelers,MG Motor,877
146,01-Jun-23,4-Wheelers,Mahindra & Mahindra,2574
147,01-Jun-23,4-Wheelers,BYD India,140
148,01-Jun-23,4-Wheelers,Hyundai Motor,121
149,01-Jun-23,4-Wheelers,PCA Automobiles,254
150,01-Jun-23,4-Wheelers,BMW India,76
151,01-Jun-23,4-Wheelers,Mercedes -Benz AG,14
152,01-Jun-23,4-Wheelers,Volvo Auto India,33
153,01-Jun-23,4-Wheelers,KIA Motors,30
154,01-Jul-21,4-Wheelers,Tata Motors,696
155,01-Jul-21,4-Wheelers,MG Motor,232
156,01-Jul-21,4-Wheelers,Mahindra & Mahindra,171
157,01-Jul-21,4-Wheelers,Hyundai Motor,18
158,01-Jul-21,4-Wheelers,Mercedes -Benz AG,1
159,01-Jul-22,4-Wheelers,Tata Motors,2264
160,01-Jul-22,4-Wheelers,MG Motor,194
161,01-Jul-22,4-Wheelers,Mahindra & Mahindra,866
162,01-Jul-22,4-Wheelers,BYD India,32
163,01-Jul-22,4-Wheelers,Hyundai Motor,45
164,01-Jul-22,4-Wheelers,BMW India,4
165,01-Jul-22,4-Wheelers,Mercedes -Benz AG,1
166,01-Jul-23,4-Wheelers,Tata Motors,3823
167,01-Jul-23,4-Wheelers,MG Motor,935
168,01-Jul-23,4-Wheelers,Mahindra & Mahindra,2174
169,01-Jul-23,4-Wheelers,BYD India,89
170,01-Jul-23,4-Wheelers,Hyundai Motor,88
171,01-Jul-23,4-Wheelers,PCA Automobiles,169
172,01-Jul-23,4-Wheelers,BMW India,81
173,01-Jul-23,4-Wheelers,Mercedes -Benz AG,23
174,01-Jul-23,4-Wheelers,Volvo Auto India,26
175,01-Jul-23,4-Wheelers,KIA Motors,22
176,01-Aug-21,4-Wheelers,Tata Motors,584
177,01-Aug-21,4-Wheelers,MG Motor,303
178,01-Aug-21,4-Wheelers,Mahindra & Mahindra,204
179,01-Aug-21,4-Wheelers,Hyundai Motor,10
180,01-Aug-21,4-Wheelers,Mercedes -Benz AG,2
181,01-Aug-22,4-Wheelers,Tata Motors,1931
182,01-Aug-22,4-Wheelers,MG Motor,234
183,01-Aug-22,4-Wheelers,Mahindra & Mahindra,1085
184,01-Aug-22,4-Wheelers,BYD India,33
185,01-Aug-22,4-Wheelers,Hyundai Motor,53
186,01-Aug-22,4-Wheelers,BMW India,19
187,01-Aug-22,4-Wheelers,Mercedes -Benz AG,3
188,01-Aug-23,4-Wheelers,Tata Motors,3388
189,01-Aug-23,4-Wheelers,MG Motor,913
190,01-Aug-23,4-Wheelers,Mahindra & Mahindra,2013
191,01-Aug-23,4-Wheelers,BYD India,80
192,01-Aug-23,4-Wheelers,Hyundai Motor,141
193,01-Aug-23,4-Wheelers,PCA Automobiles,89
194,01-Aug-23,4-Wheelers,BMW India,64
195,01-Aug-23,4-Wheelers,Mercedes -Benz AG,8
196,01-Aug-23,4-Wheelers,Volvo Auto India,36
197,01-Aug-23,4-Wheelers,KIA Motors,21
198,01-Sep-21,4-Wheelers,Tata Motors,772
199,01-Sep-21,4-Wheelers,MG Motor,263
200,01-Sep-21,4-Wheelers,Mahindra & Mahindra,276
201,01-Sep-21,4-Wheelers,Hyundai Motor,6
202,01-Sep-21,4-Wheelers,Mercedes -Benz AG,2
203,01-Sep-22,4-Wheelers,Tata Motors,1997
204,01-Sep-22,4-Wheelers,MG Motor,207
205,01-Sep-22,4-Wheelers,Mahindra & Mahindra,1213
206,01-Sep-22,4-Wheelers,BYD India,48
207,01-Sep-22,4-Wheelers,Hyundai Motor,57
208,01-Sep-22,4-Wheelers,BMW India,21
209,01-Sep-22,4-Wheelers,Mercedes -Benz AG,3
210,01-Sep-23,4-Wheelers,Tata Motors,3126
211,01-Sep-23,4-Wheelers,MG Motor,676
212,01-Sep-23,4-Wheelers,Mahindra & Mahindra,1668
213,01-Sep-23,4-Wheelers,BYD India,141
214,01-Sep-23,4-Wheelers,Hyundai Motor,161
215,01-Sep-23,4-Wheelers,PCA Automobiles,108
216,01-Sep-23,4-Wheelers,BMW India,58
217,01-Sep-23,4-Wheelers,Mercedes -Benz AG,41
218,01-Sep-23,4-Wheelers,Volvo Auto India,42
219,01-Sep-23,4-Wheelers,KIA Motors,26
220,01-Oct-21,4-Wheelers,Tata Motors,803
221,01-Oct-21,4-Wheelers,MG Motor,194
222,01-Oct-21,4-Wheelers,Mahindra & Mahindra,369
223,01-Oct-21,4-Wheelers,Hyundai Motor,8
224,01-Oct-21,4-Wheelers,Mercedes -Benz AG,3
225,01-Oct-22,4-Wheelers,Tata Motors,2395
226,01-Oct-22,4-Wheelers,MG Motor,338
227,01-Oct-22,4-Wheelers,Mahindra & Mahindra,1051
228,01-Oct-22,4-Wheelers,BYD India,27
229,01-Oct-22,4-Wheelers,Hyundai Motor,64
230,01-Oct-22,4-Wheelers,BMW India,4
231,01-Oct-22,4-Wheelers,Mercedes -Benz AG,4
232,01-Oct-22,4-Wheelers,KIA Motors,29
233,01-Oct-23,4-Wheelers,Tata Motors,3911
234,01-Oct-23,4-Wheelers,MG Motor,714
235,01-Oct-23,4-Wheelers,Mahindra & Mahindra,2027
236,01-Oct-23,4-Wheelers,BYD India,109
237,01-Oct-23,4-Wheelers,Hyundai Motor,148
238,01-Oct-23,4-Wheelers,PCA Automobiles,132
239,01-Oct-23,4-Wheelers,BMW India,71
240,01-Oct-23,4-Wheelers,Mercedes -Benz AG,18
241,01-Oct-23,4-Wheelers,Volvo Auto India,41
242,01-Oct-23,4-Wheelers,KIA Motors,39
243,01-Nov-21,4-Wheelers,Tata Motors,1036
244,01-Nov-21,4-Wheelers,MG Motor,118
245,01-Nov-21,4-Wheelers,Mahindra & Mahindra,462
246,01-Nov-21,4-Wheelers,Hyundai Motor,7
247,01-Nov-21,4-Wheelers,Mercedes -Benz AG,2
248,01-Nov-22,4-Wheelers,Tata Motors,2264
249,01-Nov-22,4-Wheelers,MG Motor,464
250,01-Nov-22,4-Wheelers,Mahindra & Mahindra,1067
251,01-Nov-22,4-Wheelers,BYD India,39
252,01-Nov-22,4-Wheelers,Hyundai Motor,59
253,01-Nov-22,4-Wheelers,BMW India,14
254,01-Nov-22,4-Wheelers,Mercedes -Benz AG,4
255,01-Nov-22,4-Wheelers,Volvo Auto India,5
256,01-Nov-22,4-Wheelers,KIA Motors,61
257,01-Nov-23,4-Wheelers,Tata Motors,4432
258,01-Nov-23,4-Wheelers,MG Motor,723
259,01-Nov-23,4-Wheelers,Mahindra & Mahindra,1222
260,01-Nov-23,4-Wheelers,BYD India,106
261,01-Nov-23,4-Wheelers,Hyundai Motor,125
262,01-Nov-23,4-Wheelers,PCA Automobiles,98
263,01-Nov-23,4-Wheelers,BMW India,215
264,01-Nov-23,4-Wheelers,Mercedes -Benz AG,35
265,01-Nov-23,4-Wheelers,Volvo Auto India,57
266,01-Nov-23,4-Wheelers,KIA Motors,29
267,01-Dec-21,4-Wheelers,Tata Motors,1952
268,01-Dec-21,4-Wheelers,MG Motor,99
269,01-Dec-21,4-Wheelers,Mahindra & Mahindra,552
270,01-Dec-21,4-Wheelers,BYD India,1
271,01-Dec-21,4-Wheelers,Hyundai Motor,10
272,01-Dec-21,4-Wheelers,Mercedes -Benz AG,1
273,01-Dec-22,4-Wheelers,Tata Motors,1992
274,01-Dec-22,4-Wheelers,MG Motor,363
275,01-Dec-22,4-Wheelers,Mahindra & Mahindra,1260
276,01-Dec-22,4-Wheelers,BYD India,37
277,01-Dec-22,4-Wheelers,Hyundai Motor,68
278,01-Dec-22,4-Wheelers,BMW India,27
279,01-Dec-22,4-Wheelers,Mercedes -Benz AG,6
280,01-Dec-22,4-Wheelers,Volvo Auto India,16
281,01-Dec-22,4-Wheelers,KIA Motors,65
282,01-Dec-23,4-Wheelers,Tata Motors,4893
283,01-Dec-23,4-Wheelers,MG Motor,753
284,01-Dec-23,4-Wheelers,Mahindra & Mahindra,1015
285,01-Dec-23,4-Wheelers,BYD India,135
286,01-Dec-23,4-Wheelers,Hyundai Motor,97
287,01-Dec-23,4-Wheelers,PCA Automobiles,40
288,01-Dec-23,4-Wheelers,BMW India,137
289,01-Dec-23,4-Wheelers,Mercedes -Benz AG,51
290,01-Dec-23,4-Wheelers,Volvo Auto India,47
291,01-Dec-23,4-Wheelers,KIA Motors,23
292,01-Jan-22,4-Wheelers,Tata Motors,1012
293,01-Jan-22,4-Wheelers,MG Motor,48
294,01-Jan-22,4-Wheelers,Mahindra & Mahindra,474
295,01-Jan-22,4-Wheelers,BYD India,8
296,01-Jan-22,4-Wheelers,Hyundai Motor,6
297,01-Jan-22,4-Wheelers,Mercedes -Benz AG,2
298,01-Jan-23,4-Wheelers,Tata Motors,1812
299,01-Jan-23,4-Wheelers,MG Motor,313
300,01-Jan-23,4-Wheelers,Mahindra & Mahindra,967
301,01-Jan-23,4-Wheelers,BYD India,101
302,01-Jan-23,4-Wheelers,Hyundai Motor,84
303,01-Jan-23,4-Wheelers,BMW India,91
304,01-Jan-23,4-Wheelers,Mercedes -Benz AG,14
305,01-Jan-23,4-Wheelers,Volvo Auto India,21
306,01-Jan-23,4-Wheelers,KIA Motors,35
307,01-Jan-24,4-Wheelers,Tata Motors,5674
308,01-Jan-24,4-Wheelers,MG Motor,908
309,01-Jan-24,4-Wheelers,Mahindra & Mahindra,896
310,01-Jan-24,4-Wheelers,BYD India,123
311,01-Jan-24,4-Wheelers,Hyundai Motor,128
312,01-Jan-24,4-Wheelers,PCA Automobiles,23
313,01-Jan-24,4-Wheelers,BMW India,116
314,01-Jan-24,4-Wheelers,Mercedes -Benz AG,29
315,01-Jan-24,4-Wheelers,Volvo Auto India,42
316,01-Jan-24,4-Wheelers,KIA Motors,29
317,01-Feb-22,4-Wheelers,Tata Motors,1922
318,01-Feb-22,4-Wheelers,MG Motor,30
319,01-Feb-22,4-Wheelers,Mahindra & Mahindra,478
320,01-Feb-22,4-Wheelers,BYD India,10
321,01-Feb-22,4-Wheelers,Hyundai Motor,6
322,01-Feb-22,4-Wheelers,Mercedes -Benz AG,3
323,01-Feb-23,4-Wheelers,Tata Motors,2651
324,01-Feb-23,4-Wheelers,MG Motor,261
325,01-Feb-23,4-Wheelers,Mahindra & Mahindra,1531
326,01-Feb-23,4-Wheelers,BYD India,174
327,01-Feb-23,4-Wheelers,Hyundai Motor,36
328,01-Feb-23,4-Wheelers,BMW India,43
329,01-Feb-23,4-Wheelers,Mercedes -Benz AG,12
330,01-Feb-23,4-Wheelers,Volvo Auto India,26
331,01-Feb-23,4-Wheelers,KIA Motors,22
332,01-Feb-24,4-Wheelers,Tata Motors,5081
333,01-Feb-24,4-Wheelers,MG Motor,829
334,01-Feb-24,4-Wheelers,Mahindra & Mahindra,712
335,01-Feb-24,4-Wheelers,BYD India,135
336,01-Feb-24,4-Wheelers,Hyundai Motor,94
337,01-Feb-24,4-Wheelers,PCA Automobiles,64
338,01-Feb-24,4-Wheelers,BMW India,97
339,01-Feb-24,4-Wheelers,Mercedes -Benz AG,24
340,01-Feb-24,4-Wheelers,Volvo Auto India,35
341,01-Feb-24,4-Wheelers,KIA Motors,17
342,01-Mar-22,4-Wheelers,Tata Motors,2900
343,01-Mar-22,4-Wheelers,MG Motor,75
344,01-Mar-22,4-Wheelers,Mahindra & Mahindra,701
345,01-Mar-22,4-Wheelers,BYD India,14
346,01-Mar-22,4-Wheelers,Hyundai Motor,14
347,01-Mar-22,4-Wheelers,BMW India,7
348,01-Mar-22,4-Wheelers,Mercedes -Benz AG,5
349,01-Mar-22,4-Wheelers,Volvo Auto India,4
350,01-Mar-23,4-Wheelers,Tata Motors,5065
351,01-Mar-23,4-Wheelers,MG Motor,372
352,01-Mar-23,4-Wheelers,Mahindra & Mahindra,2745
353,01-Mar-23,4-Wheelers,BYD India,348
354,01-Mar-23,4-Wheelers,Hyundai Motor,35
355,01-Mar-23,4-Wheelers,PCA Automobiles,151
356,01-Mar-23,4-Wheelers,BMW India,40
357,01-Mar-23,4-Wheelers,Mercedes -Benz AG,10
358,01-Mar-23,4-Wheelers,Volvo Auto India,37
359,01-Mar-23,4-Wheelers,KIA Motors,17
360,01-Mar-24,4-Wheelers,Tata Motors,6606
361,01-Mar-24,4-Wheelers,MG Motor,885
362,01-Mar-24,4-Wheelers,Mahindra & Mahindra,708
363,01-Mar-24,4-Wheelers,BYD India,142
364,01-Mar-24,4-Wheelers,Hyundai Motor,116
365,01-Mar-24,4-Wheelers,PCA Automobiles,130
366,01-Mar-24,4-Wheelers,BMW India,55
367,01-Mar-24,4-Wheelers,Mercedes -Benz AG,31
368,01-Mar-24,4-Wheelers,Volvo Auto India,39
369,01-Mar-24,4-Wheelers,KIA Motors,26
370,01-Apr-21,2-Wheelers,HERO ELECTRIC,759
371,01-Apr-21,2-Wheelers,OKINAWA,1251
372,01-Apr-21,2-Wheelers,AMPERE,751
373,01-Apr-21,2-Wheelers,ATHER,903
374,01-Apr-21,2-Wheelers,PURE EV,581
375,01-Apr-21,2-Wheelers,TVS,302
376,01-Apr-21,2-Wheelers,REVOLT,138
377,01-Apr-21,2-Wheelers,BAJAJ,48
378,01-Apr-21,2-Wheelers,BEING,171
379,01-Apr-21,2-Wheelers,JITENDRA,36
380,01-Apr-21,2-Wheelers,OTHERS,749
381,01-Apr-22,2-Wheelers,OLA ELECTRIC,13601
382,01-Apr-22,2-Wheelers,OKINAWA,11341
383,01-Apr-22,2-Wheelers,HERO ELECTRIC,6803
384,01-Apr-22,2-Wheelers,AMPERE,6864
385,01-Apr-22,2-Wheelers,TVS,1498
386,01-Apr-22,2-Wheelers,ATHER,2451
387,01-Apr-22,2-Wheelers,BAJAJ,1223
388,01-Apr-22,2-Wheelers,REVOLT,1241
389,01-Apr-22,2-Wheelers,PURE EV,1756
390,01-Apr-22,2-Wheelers,BEING,874
391,01-Apr-22,2-Wheelers,JITENDRA,940
392,01-Apr-22,2-Wheelers,OTHERS,4683
393,01-Apr-23,2-Wheelers,OLA ELECTRIC,22548
394,01-Apr-23,2-Wheelers,TVS,8654
395,01-Apr-23,2-Wheelers,ATHER,7707
396,01-Apr-23,2-Wheelers,BAJAJ,4043
397,01-Apr-23,2-Wheelers,AMPERE,8767
398,01-Apr-23,2-Wheelers,OKINAWA,3179
399,01-Apr-23,2-Wheelers,HERO ELECTRIC,3293
400,01-Apr-23,2-Wheelers,OKAYA EV,1544
401,01-Apr-23,2-Wheelers,BGAUSS,762
402,01-Apr-23,2-Wheelers,BATTRE ELECTRIC,644
403,01-Apr-23,2-Wheelers,KINETIC GREEN,838
404,01-Apr-23,2-Wheelers,REVOLT,520
405,01-Apr-23,2-Wheelers,OTHERS,4315
406,01-May-21,2-Wheelers,HERO ELECTRIC,170
407,01-May-21,2-Wheelers,OKINAWA,245
408,01-May-21,2-Wheelers,AMPERE,147
409,01-May-21,2-Wheelers,ATHER,160
410,01-May-21,2-Wheelers,PURE EV,122
411,01-May-21,2-Wheelers,TVS,9
412,01-May-21,2-Wheelers,REVOLT,42
413,01-May-21,2-Wheelers,BAJAJ,20
414,01-May-21,2-Wheelers,BEING,54
415,01-May-21,2-Wheelers,JITENDRA,13
416,01-May-21,2-Wheelers,OTHERS,260
417,01-May-22,2-Wheelers,OLA ELECTRIC,9266
418,01-May-22,2-Wheelers,OKINAWA,10340
419,01-May-22,2-Wheelers,HERO ELECTRIC,2970
420,01-May-22,2-Wheelers,AMPERE,6176
421,01-May-22,2-Wheelers,TVS,478
422,01-May-22,2-Wheelers,ATHER,3337
423,01-May-22,2-Wheelers,BAJAJ,1812
424,01-May-22,2-Wheelers,OKAYA EV,19
425,01-May-22,2-Wheelers,REVOLT,1589
426,01-May-22,2-Wheelers,PURE EV,1464
427,01-May-22,2-Wheelers,BEING,862
428,01-May-22,2-Wheelers,JITENDRA,646
429,01-May-22,2-Wheelers,OTHERS,3455
430,01-May-23,2-Wheelers,OLA ELECTRIC,29447
431,01-May-23,2-Wheelers,TVS,20188
432,01-May-23,2-Wheelers,ATHER,15243
433,01-May-23,2-Wheelers,BAJAJ,9976
434,01-May-23,2-Wheelers,AMPERE,10659
435,01-May-23,2-Wheelers,OKINAWA,2873
436,01-May-23,2-Wheelers,HERO ELECTRIC,2085
437,01-May-23,2-Wheelers,OKAYA EV,3831
438,01-May-23,2-Wheelers,BGAUSS,1792
439,01-May-23,2-Wheelers,BATTRE ELECTRIC,1185
440,01-May-23,2-Wheelers,KINETIC GREEN,886
441,01-May-23,2-Wheelers,REVOLT,565
442,01-May-23,2-Wheelers,OTHERS,6627
443,01-Jun-21,2-Wheelers,HERO ELECTRIC,1355
444,01-Jun-21,2-Wheelers,OKINAWA,984
445,01-Jun-21,2-Wheelers,AMPERE,299
446,01-Jun-21,2-Wheelers,ATHER,320
447,01-Jun-21,2-Wheelers,PURE EV,460
448,01-Jun-21,2-Wheelers,TVS,208
449,01-Jun-21,2-Wheelers,REVOLT,59
450,01-Jun-21,2-Wheelers,BAJAJ,176
451,01-Jun-21,2-Wheelers,BEING,198
452,01-Jun-21,2-Wheelers,JITENDRA,43
453,01-Jun-21,2-Wheelers,OTHERS,567
454,01-Jun-22,2-Wheelers,OLA ELECTRIC,5897
455,01-Jun-22,2-Wheelers,OKINAWA,7554
456,01-Jun-22,2-Wheelers,HERO ELECTRIC,6836
457,01-Jun-22,2-Wheelers,AMPERE,6919
458,01-Jun-22,2-Wheelers,TVS,1983
459,01-Jun-22,2-Wheelers,ATHER,3829
460,01-Jun-22,2-Wheelers,BAJAJ,1824
461,01-Jun-22,2-Wheelers,OKAYA EV,760
462,01-Jun-22,2-Wheelers,REVOLT,2423
463,01-Jun-22,2-Wheelers,PURE EV,1125
464,01-Jun-22,2-Wheelers,BEING,1005
465,01-Jun-22,2-Wheelers,JITENDRA,568
466,01-Jun-22,2-Wheelers,OTHERS,3658
467,01-Jun-23,2-Wheelers,OLA ELECTRIC,17768
468,01-Jun-23,2-Wheelers,TVS,7772
469,01-Jun-23,2-Wheelers,ATHER,4547
470,01-Jun-23,2-Wheelers,BAJAJ,2975
471,01-Jun-23,2-Wheelers,AMPERE,3006
472,01-Jun-23,2-Wheelers,OKINAWA,2588
473,01-Jun-23,2-Wheelers,HERO ELECTRIC,1123
474,01-Jun-23,2-Wheelers,OKAYA EV,419
475,01-Jun-23,2-Wheelers,BGAUSS,189
476,01-Jun-23,2-Wheelers,BATTRE ELECTRIC,82
477,01-Jun-23,2-Wheelers,KINETIC GREEN,201
478,01-Jun-23,2-Wheelers,REVOLT,705
479,01-Jun-23,2-Wheelers,OTHERS,4466
480,01-Jul-21,2-Wheelers,HERO ELECTRIC,4557
481,01-Jul-21,2-Wheelers,OKINAWA,2633
482,01-Jul-21,2-Wheelers,AMPERE,663
483,01-Jul-21,2-Wheelers,ATHER,1799
484,01-Jul-21,2-Wheelers,PURE EV,1417
485,01-Jul-21,2-Wheelers,TVS,648
486,01-Jul-21,2-Wheelers,REVOLT,321
487,01-Jul-21,2-Wheelers,BAJAJ,730
488,01-Jul-21,2-Wheelers,BEING,494
489,01-Jul-21,2-Wheelers,JITENDRA,212
490,01-Jul-21,2-Wheelers,OTHERS,1202
491,01-Jul-22,2-Wheelers,OLA ELECTRIC,3864
492,01-Jul-22,2-Wheelers,OKINAWA,8394
493,01-Jul-22,2-Wheelers,HERO ELECTRIC,9334
494,01-Jul-22,2-Wheelers,AMPERE,6812
495,01-Jul-22,2-Wheelers,TVS,4348
496,01-Jul-22,2-Wheelers,ATHER,1289
497,01-Jul-22,2-Wheelers,BAJAJ,2482
498,01-Jul-22,2-Wheelers,OKAYA EV,1076
499,01-Jul-22,2-Wheelers,REVOLT,2318
500,01-Jul-22,2-Wheelers,PURE EV,1000
501,01-Jul-22,2-Wheelers,BEING,1245
502,01-Jul-22,2-Wheelers,JITENDRA,880
503,01-Jul-22,2-Wheelers,OTHERS,3562
504,01-Jul-23,2-Wheelers,OLA ELECTRIC,19409
505,01-Jul-23,2-Wheelers,TVS,10272
506,01-Jul-23,2-Wheelers,ATHER,6604
507,01-Jul-23,2-Wheelers,BAJAJ,4081
508,01-Jul-23,2-Wheelers,AMPERE,3530
509,01-Jul-23,2-Wheelers,OKINAWA,2238
510,01-Jul-23,2-Wheelers,HERO ELECTRIC,770
511,01-Jul-23,2-Wheelers,OKAYA EV,775
512,01-Jul-23,2-Wheelers,BGAUSS,653
513,01-Jul-23,2-Wheelers,BATTRE ELECTRIC,133
514,01-Jul-23,2-Wheelers,KINETIC GREEN,229
515,01-Jul-23,2-Wheelers,REVOLT,478
516,01-Jul-23,2-Wheelers,OTHERS,5020
517,01-Aug-21,2-Wheelers,HERO ELECTRIC,5527
518,01-Aug-21,2-Wheelers,OKINAWA,2894
519,01-Aug-21,2-Wheelers,AMPERE,810
520,01-Aug-21,2-Wheelers,ATHER,1613
521,01-Aug-21,2-Wheelers,PURE EV,1094
522,01-Aug-21,2-Wheelers,TVS,651
523,01-Aug-21,2-Wheelers,REVOLT,853
524,01-Aug-21,2-Wheelers,BAJAJ,796
525,01-Aug-21,2-Wheelers,BEING,325
526,01-Aug-21,2-Wheelers,JITENDRA,208
527,01-Aug-21,2-Wheelers,OTHERS,1279
528,01-Aug-22,2-Wheelers,OLA ELECTRIC,3475
529,01-Aug-22,2-Wheelers,OKINAWA,8756
530,01-Aug-22,2-Wheelers,HERO ELECTRIC,9925
531,01-Aug-22,2-Wheelers,AMPERE,6771
532,01-Aug-22,2-Wheelers,TVS,6426
533,01-Aug-22,2-Wheelers,ATHER,5376
534,01-Aug-22,2-Wheelers,BAJAJ,2620
535,01-Aug-22,2-Wheelers,OKAYA EV,905
536,01-Aug-22,2-Wheelers,REVOLT,1662
537,01-Aug-22,2-Wheelers,PURE EV,880
538,01-Aug-22,2-Wheelers,BEING,1099
539,01-Aug-22,2-Wheelers,JITENDRA,653
540,01-Aug-22,2-Wheelers,OTHERS,3678
541,01-Aug-23,2-Wheelers,OLA ELECTRIC,18983
542,01-Aug-23,2-Wheelers,TVS,15296
543,01-Aug-23,2-Wheelers,ATHER,7065
544,01-Aug-23,2-Wheelers,BAJAJ,6508
545,01-Aug-23,2-Wheelers,AMPERE,3654
546,01-Aug-23,2-Wheelers,OKINAWA,1977
547,01-Aug-23,2-Wheelers,HERO ELECTRIC,774
548,01-Aug-23,2-Wheelers,OKAYA EV,1137
549,01-Aug-23,2-Wheelers,BGAUSS,912
550,01-Aug-23,2-Wheelers,BATTRE ELECTRIC,287
551,01-Aug-23,2-Wheelers,KINETIC GREEN,380
552,01-Aug-23,2-Wheelers,REVOLT,508
553,01-Aug-23,2-Wheelers,OTHERS,4990
554,01-Sep-21,2-Wheelers,HERO ELECTRIC,6727
555,01-Sep-21,2-Wheelers,OKINAWA,3321
556,01-Sep-21,2-Wheelers,AMPERE,807
557,01-Sep-21,2-Wheelers,ATHER,2174
558,01-Sep-21,2-Wheelers,PURE EV,1337
559,01-Sep-21,2-Wheelers,TVS,688
560,01-Sep-21,2-Wheelers,REVOLT,499
561,01-Sep-21,2-Wheelers,BAJAJ,381
562,01-Sep-21,2-Wheelers,BEING,337
563,01-Sep-21,2-Wheelers,JITENDRA,134
564,01-Sep-21,2-Wheelers,OTHERS,1627
565,01-Sep-22,2-Wheelers,OLA ELECTRIC,8065
566,01-Sep-22,2-Wheelers,OKINAWA,8497
567,01-Sep-22,2-Wheelers,HERO ELECTRIC,8208
568,01-Sep-22,2-Wheelers,AMPERE,6488
569,01-Sep-22,2-Wheelers,TVS,4001
570,01-Sep-22,2-Wheelers,ATHER,6280
571,01-Sep-22,2-Wheelers,BAJAJ,3649
572,01-Sep-22,2-Wheelers,OKAYA EV,954
573,01-Sep-22,2-Wheelers,REVOLT,865
574,01-Sep-22,2-Wheelers,PURE EV,790
575,01-Sep-22,2-Wheelers,BEING,975
576,01-Sep-22,2-Wheelers,JITENDRA,661
577,01-Sep-22,2-Wheelers,OTHERS,3849
578,01-Sep-23,2-Wheelers,OLA ELECTRIC,18926
579,01-Sep-23,2-Wheelers,TVS,15425
580,01-Sep-23,2-Wheelers,ATHER,7107
581,01-Sep-23,2-Wheelers,BAJAJ,7019
582,01-Sep-23,2-Wheelers,AMPERE,4148
583,01-Sep-23,2-Wheelers,OKINAWA,1769
584,01-Sep-23,2-Wheelers,HERO ELECTRIC,835
585,01-Sep-23,2-Wheelers,OKAYA EV,873
586,01-Sep-23,2-Wheelers,BGAUSS,924
587,01-Sep-23,2-Wheelers,BATTRE ELECTRIC,255
588,01-Sep-23,2-Wheelers,KINETIC GREEN,231
589,01-Sep-23,2-Wheelers,REVOLT,879
590,01-Sep-23,2-Wheelers,OTHERS,5355
591,01-Oct-21,2-Wheelers,HERO ELECTRIC,6799
592,01-Oct-21,2-Wheelers,OKINAWA,4166
593,01-Oct-21,2-Wheelers,AMPERE,1083
594,01-Oct-21,2-Wheelers,ATHER,2647
595,01-Oct-21,2-Wheelers,PURE EV,1400
596,01-Oct-21,2-Wheelers,TVS,486
597,01-Oct-21,2-Wheelers,REVOLT,900
598,01-Oct-21,2-Wheelers,BAJAJ,754
599,01-Oct-21,2-Wheelers,BEING,469
600,01-Oct-21,2-Wheelers,JITENDRA,283
601,01-Oct-21,2-Wheelers,OTHERS,1826
602,01-Oct-22,2-Wheelers,OLA ELECTRIC,15391
603,01-Oct-22,2-Wheelers,OKINAWA,14950
604,01-Oct-22,2-Wheelers,HERO ELECTRIC,8868
605,01-Oct-22,2-Wheelers,AMPERE,10113
606,01-Oct-22,2-Wheelers,TVS,5820
607,01-Oct-22,2-Wheelers,ATHER,7356
608,01-Oct-22,2-Wheelers,BAJAJ,3549
609,01-Oct-22,2-Wheelers,OKAYA EV,1968
610,01-Oct-22,2-Wheelers,REVOLT,1041
611,01-Oct-22,2-Wheelers,PURE EV,1047
612,01-Oct-22,2-Wheelers,BEING,1422
613,01-Oct-22,2-Wheelers,JITENDRA,1111
614,01-Oct-22,2-Wheelers,OTHERS,4614
615,01-Oct-23,2-Wheelers,OLA ELECTRIC,23968
616,01-Oct-23,2-Wheelers,TVS,16309
617,01-Oct-23,2-Wheelers,ATHER,8375
618,01-Oct-23,2-Wheelers,BAJAJ,8960
619,01-Oct-23,2-Wheelers,AMPERE,4487
620,01-Oct-23,2-Wheelers,OKINAWA,1457
621,01-Oct-23,2-Wheelers,HERO ELECTRIC,658
622,01-Oct-23,2-Wheelers,OKAYA EV,863
623,01-Oct-23,2-Wheelers,BGAUSS,1157
624,01-Oct-23,2-Wheelers,BATTRE ELECTRIC,227
625,01-Oct-23,2-Wheelers,KINETIC GREEN,389
626,01-Oct-23,2-Wheelers,REVOLT,681
627,01-Oct-23,2-Wheelers,OTHERS,7092
628,01-Nov-21,2-Wheelers,HERO ELECTRIC,7493
629,01-Nov-21,2-Wheelers,OKINAWA,5542
630,01-Nov-21,2-Wheelers,AMPERE,2077
631,01-Nov-21,2-Wheelers,ATHER,2202
632,01-Nov-21,2-Wheelers,PURE EV,1688
633,01-Nov-21,2-Wheelers,TVS,522
634,01-Nov-21,2-Wheelers,REVOLT,780
635,01-Nov-21,2-Wheelers,BAJAJ,728
636,01-Nov-21,2-Wheelers,BEING,912
637,01-Nov-21,2-Wheelers,JITENDRA,273
638,01-Nov-21,2-Wheelers,OTHERS,2317
639,01-Nov-22,2-Wheelers,OLA ELECTRIC,15797
640,01-Nov-22,2-Wheelers,OKINAWA,9068
641,01-Nov-22,2-Wheelers,HERO ELECTRIC,9026
642,01-Nov-22,2-Wheelers,AMPERE,12446
643,01-Nov-22,2-Wheelers,TVS,8147
644,01-Nov-22,2-Wheelers,ATHER,7837
645,01-Nov-22,2-Wheelers,BAJAJ,3057
646,01-Nov-22,2-Wheelers,OKAYA EV,1783
647,01-Nov-22,2-Wheelers,REVOLT,524
648,01-Nov-22,2-Wheelers,PURE EV,925
649,01-Nov-22,2-Wheelers,BEING,1216
650,01-Nov-22,2-Wheelers,JITENDRA,1256
651,01-Nov-22,2-Wheelers,OTHERS,5693
652,01-Nov-23,2-Wheelers,OLA ELECTRIC,29980
653,01-Nov-23,2-Wheelers,TVS,18914
654,01-Nov-23,2-Wheelers,ATHER,9220
655,01-Nov-23,2-Wheelers,BAJAJ,11769
656,01-Nov-23,2-Wheelers,AMPERE,4638
657,01-Nov-23,2-Wheelers,OKINAWA,1587
658,01-Nov-23,2-Wheelers,HERO ELECTRIC,814
659,01-Nov-23,2-Wheelers,OKAYA EV,1281
660,01-Nov-23,2-Wheelers,BGAUSS,1589
661,01-Nov-23,2-Wheelers,BATTRE ELECTRIC,659
662,01-Nov-23,2-Wheelers,KINETIC GREEN,422
663,01-Nov-23,2-Wheelers,REVOLT,663
664,01-Nov-23,2-Wheelers,OTHERS,9707
665,01-Dec-21,2-Wheelers,HERO ELECTRIC,6402
666,01-Dec-21,2-Wheelers,OKINAWA,6184
667,01-Dec-21,2-Wheelers,AMPERE,3410
668,01-Dec-21,2-Wheelers,ATHER,1813
669,01-Dec-21,2-Wheelers,PURE EV,1685
670,01-Dec-21,2-Wheelers,OLA ELECTRIC,240
671,01-Dec-21,2-Wheelers,TVS,1119
672,01-Dec-21,2-Wheelers,REVOLT,835
673,01-Dec-21,2-Wheelers,BAJAJ,642
674,01-Dec-21,2-Wheelers,BEING,1190
675,01-Dec-21,2-Wheelers,JITENDRA,503
676,01-Dec-21,2-Wheelers,OTHERS,2603
677,01-Dec-22,2-Wheelers,OLA ELECTRIC,16919
678,01-Dec-22,2-Wheelers,OKINAWA,5281
679,01-Dec-22,2-Wheelers,HERO ELECTRIC,8100
680,01-Dec-22,2-Wheelers,AMPERE,4592
681,01-Dec-22,2-Wheelers,TVS,9363
682,01-Dec-22,2-Wheelers,ATHER,7693
683,01-Dec-22,2-Wheelers,BAJAJ,3240
684,01-Dec-22,2-Wheelers,OKAYA EV,1445
685,01-Dec-22,2-Wheelers,REVOLT,37
686,01-Dec-22,2-Wheelers,PURE EV,780
687,01-Dec-22,2-Wheelers,BEING,966
688,01-Dec-22,2-Wheelers,JITENDRA,668
689,01-Dec-22,2-Wheelers,OTHERS,5557
690,01-Dec-23,2-Wheelers,OLA ELECTRIC,30588
691,01-Dec-23,2-Wheelers,TVS,12171
692,01-Dec-23,2-Wheelers,ATHER,6471
693,01-Dec-23,2-Wheelers,BAJAJ,10292
694,01-Dec-23,2-Wheelers,AMPERE,3309
695,01-Dec-23,2-Wheelers,OKINAWA,953
696,01-Dec-23,2-Wheelers,HERO ELECTRIC,545
697,01-Dec-23,2-Wheelers,OKAYA EV,700
698,01-Dec-23,2-Wheelers,BGAUSS,1200
699,01-Dec-23,2-Wheelers,BATTRE ELECTRIC,241
700,01-Dec-23,2-Wheelers,KINETIC GREEN,660
701,01-Dec-23,2-Wheelers,REVOLT,673
702,01-Dec-23,2-Wheelers,OTHERS,7691
703,01-Jan-22,2-Wheelers,HERO ELECTRIC,8238
704,01-Jan-22,2-Wheelers,OKINAWA,5737
705,01-Jan-22,2-Wheelers,AMPERE,4366
706,01-Jan-22,2-Wheelers,ATHER,1881
707,01-Jan-22,2-Wheelers,PURE EV,1691
708,01-Jan-22,2-Wheelers,OLA ELECTRIC,1107
709,01-Jan-22,2-Wheelers,TVS,1155
710,01-Jan-22,2-Wheelers,REVOLT,673
711,01-Jan-22,2-Wheelers,BAJAJ,612
712,01-Jan-22,2-Wheelers,BEING,1062
713,01-Jan-22,2-Wheelers,JITENDRA,535
714,01-Jan-22,2-Wheelers,OTHERS,3065
715,01-Jan-23,2-Wheelers,OLA ELECTRIC,20148
716,01-Jan-23,2-Wheelers,OKINAWA,4407
717,01-Jan-23,2-Wheelers,HERO ELECTRIC,6399
718,01-Jan-23,2-Wheelers,AMPERE,4456
719,01-Jan-23,2-Wheelers,TVS,10462
720,01-Jan-23,2-Wheelers,ATHER,9224
721,01-Jan-23,2-Wheelers,BAJAJ,2252
722,01-Jan-23,2-Wheelers,OKAYA EV,1265
723,01-Jan-23,2-Wheelers,REVOLT,14
724,01-Jan-23,2-Wheelers,PURE EV,717
725,01-Jan-23,2-Wheelers,BEING,571
726,01-Jan-23,2-Wheelers,JITENDRA,522
727,01-Jan-23,2-Wheelers,OTHERS,4241
728,01-Jan-24,2-Wheelers,OLA ELECTRIC,32275
729,01-Jan-24,2-Wheelers,TVS,15153
730,01-Jan-24,2-Wheelers,ATHER,9244
731,01-Jan-24,2-Wheelers,BAJAJ,10753
732,01-Jan-24,2-Wheelers,AMPERE,2505
733,01-Jan-24,2-Wheelers,OKINAWA,675
734,01-Jan-24,2-Wheelers,HERO ELECTRIC,413
735,01-Jan-24,2-Wheelers,OKAYA EV,574
736,01-Jan-24,2-Wheelers,BGAUSS,1469
737,01-Jan-24,2-Wheelers,BATTRE ELECTRIC,284
738,01-Jan-24,2-Wheelers,KINETIC GREEN,810
739,01-Jan-24,2-Wheelers,REVOLT,524
740,01-Jan-24,2-Wheelers,OTHERS,6664
741,01-Feb-22,2-Wheelers,HERO ELECTRIC,7773
742,01-Feb-22,2-Wheelers,OKINAWA,6122
743,01-Feb-22,2-Wheelers,AMPERE,4431
744,01-Feb-22,2-Wheelers,ATHER,2232
745,01-Feb-22,2-Wheelers,PURE EV,1428
746,01-Feb-22,2-Wheelers,OLA ELECTRIC,3911
747,01-Feb-22,2-Wheelers,TVS,1560
748,01-Feb-22,2-Wheelers,REVOLT,1128
749,01-Feb-22,2-Wheelers,BAJAJ,1372
750,01-Feb-22,2-Wheelers,BEING,1149
751,01-Feb-22,2-Wheelers,JITENDRA,583
752,01-Feb-22,2-Wheelers,OTHERS,4033
753,01-Feb-23,2-Wheelers,OLA ELECTRIC,17762
754,01-Feb-23,2-Wheelers,OKINAWA,3848
755,01-Feb-23,2-Wheelers,HERO ELECTRIC,5863
756,01-Feb-23,2-Wheelers,AMPERE,6003
757,01-Feb-23,2-Wheelers,TVS,12671
758,01-Feb-23,2-Wheelers,ATHER,10069
759,01-Feb-23,2-Wheelers,BAJAJ,2537
760,01-Feb-23,2-Wheelers,OKAYA EV,1232
761,01-Feb-23,2-Wheelers,REVOLT,79
762,01-Feb-23,2-Wheelers,PURE EV,488
763,01-Feb-23,2-Wheelers,BEING,337
764,01-Feb-23,2-Wheelers,JITENDRA,308
765,01-Feb-23,2-Wheelers,OTHERS,4874
766,01-Feb-24,2-Wheelers,OLA ELECTRIC,33967
767,01-Feb-24,2-Wheelers,TVS,14431
768,01-Feb-24,2-Wheelers,ATHER,8957
769,01-Feb-24,2-Wheelers,BAJAJ,11603
770,01-Feb-24,2-Wheelers,AMPERE,2577
771,01-Feb-24,2-Wheelers,OKINAWA,652
772,01-Feb-24,2-Wheelers,HERO ELECTRIC,323
773,01-Feb-24,2-Wheelers,OKAYA EV,649
774,01-Feb-24,2-Wheelers,BGAUSS,1334
775,01-Feb-24,2-Wheelers,BATTRE ELECTRIC,219
776,01-Feb-24,2-Wheelers,KINETIC GREEN,624
777,01-Feb-24,2-Wheelers,REVOLT,473
778,01-Feb-24,2-Wheelers,OTHERS,6154
779,01-Mar-22,2-Wheelers,HERO ELECTRIC,13652
780,01-Mar-22,2-Wheelers,OKINAWA,8586
781,01-Mar-22,2-Wheelers,AMPERE,6666
782,01-Mar-22,2-Wheelers,ATHER,2232
783,01-Mar-22,2-Wheelers,PURE EV,2065
784,01-Mar-22,2-Wheelers,OLA ELECTRIC,9143
785,01-Mar-22,2-Wheelers,TVS,2391
786,01-Mar-22,2-Wheelers,REVOLT,1413
787,01-Mar-22,2-Wheelers,BAJAJ,855
788,01-Mar-22,2-Wheelers,BEING,1013
789,01-Mar-22,2-Wheelers,JITENDRA,1052
790,01-Mar-22,2-Wheelers,OTHERS,5330
791,01-Mar-23,2-Wheelers,OLA ELECTRIC,22398
792,01-Mar-23,2-Wheelers,OKINAWA,4509
793,01-Mar-23,2-Wheelers,HERO ELECTRIC,6661
794,01-Mar-23,2-Wheelers,AMPERE,9736
795,01-Mar-23,2-Wheelers,TVS,16896
796,01-Mar-23,2-Wheelers,ATHER,12180
797,01-Mar-23,2-Wheelers,BAJAJ,4552
798,01-Mar-23,2-Wheelers,OKAYA EV,1765
799,01-Mar-23,2-Wheelers,REVOLT,1140
800,01-Mar-23,2-Wheelers,PURE EV,584
801,01-Mar-23,2-Wheelers,BEING,446
802,01-Mar-23,2-Wheelers,JITENDRA,350
803,01-Mar-23,2-Wheelers,OTHERS,5089
804,01-Mar-24,2-Wheelers,OLA ELECTRIC,44630
805,01-Mar-24,2-Wheelers,TVS,26158
806,01-Mar-24,2-Wheelers,ATHER,17012
807,01-Mar-24,2-Wheelers,BAJAJ,17716
808,01-Mar-24,2-Wheelers,AMPERE,3108
809,01-Mar-24,2-Wheelers,OKINAWA,673
810,01-Mar-24,2-Wheelers,HERO ELECTRIC,316
811,01-Mar-24,2-Wheelers,OKAYA EV,1218
812,01-Mar-24,2-Wheelers,BGAUSS,3070
813,01-Mar-24,2-Wheelers,BATTRE ELECTRIC,625
814,01-Mar-24,2-Wheelers,KINETIC GREEN,3915
815,01-Mar-24,2-Wheelers,REVOLT,585
816,01-Mar-24,2-Wheelers,OTHERS,10579
